{
    "mobile_value": [ 
        {
            "angle": 7.017333030700684,
            "distance": 19,
            "gridPosition": {
                "x": 353,
                "y": 496
            },
            "is_hunan": 0,
            "label": 35,
            "objectAngle": 132.7894287109375,
            "cbjectSpeed": 1.2691669464111328,
            "possibility": 0.81999999284744261
        },
        {
            "angle": 5.46546546547923,
            "distance": 17,
            "gridPosition": {
                "x": 256,
                "y": 369
            },
            "is_hunan": 0,
            "label": 36,
            "objectAngle": 75.789456313464681,
            "cbjectSpeed": 95.546413513245679,
            "possibility": 0.41564897987531354
        }
    ]
}